transaction_id,transaction_date,product_id,store_id,quantity,unit_price,total_amount,customer_segment,payment_method
T0001,2024-03-21,P012,S10,4,268.77,1075.08,Consumer,Cash
T0002,01/13/2024,P015,S06,3,45.16,135.48,Consumer,CC
T0003,03/22/2024,P008,S03,8,193.98,1551.84,Home Office,Credit Card
T0004,2024-01-30,P011,S07,5,226.24,1131.2,Corporate,cash
T0005,03/04/2024,P015,S03,5,41.06,205.3,Cons.,CC
T0006,02/21/2024,P005,S09,8,180.4,1443.2,Cons.,CC
T0007,01/09/2024,P020,S08,5,,,Consumer,cash
T0008,2024-03-09,P011,S02,5,263.58,1317.9,Home Office,CC
T0009,2024-01-23,P004,S05,4,210.79,843.16,CORP,Credit Card
T0010,03/17/2024,P001,S02,6,262.32,1573.92,CORP,Credit Card
T0011,2024-01-11,P003,S09,3,76.18,228.54,CORP,PayPal
T0012,28-Jan-2024,P007,S05,7,108.74,761.18,Consumer,Cash
T0013,01/29/2024,P001,S10,,237.31,,Consumer,Cash
T0014,09-Jan-2024,P011,S02,4,247.75,991.0,CORP,CC
T0015,03/01/2024,P016,S07,4,38.66,154.64,Consumer,cash
T0016,24-Mar-2024,P004,S01,7,263.08,1841.56,CORP,PayPal
T0017,01/18/2024,P009,S08,4,99.87,399.48,Consumer,Credit Card
T0018,24-Mar-2024,P001,S02,4,200.95,803.8,Consumer,Cash
T0019,02/18/2024,P013,S05,8,98.43,787.44,Cons.,Cash
T0020,01/25/2024,P002,S10,1,288.92,288.92,CORP,Cash
T0021,08-Jan-2024,P003,S03,2,91.67,183.34,CORP,Cash
T0022,2024-03-15,P020,S02,7,41.87,293.09,Home Office,Cash
T0023,02/03/2024,P010,S08,6,,,CORP,CC
T0024,01/13/2024,P007,S09,5,79.07,395.35,Home Office,Cash
T0025,2024-02-26,P010,S10,1,305.45,305.45,Corporate,Debit Card
T0026,2024-01-15,P018,S03,5,239.02,1195.1,Home Office,CC
T0027,03/03/2024,P002,S02,7,296.98,2078.86,Home Office,Cash
T0028,2024-02-26,P014,S09,1,288.37,288.37,Consumer,Debit Card
T0029,2024-03-15,P014,S03,1,313.22,313.22,Home Office,Cash
T0030,03/28/2024,P004,S06,7,285.4,1997.8,Corporate,Cash
T0031,02/22/2024,P011,S07,4,246.56,986.24,Cons.,Cash
T0032,2024-01-26,P015,S06,5,53.18,265.9,Cons.,Debit Card
T0033,2024-02-05,P009,S06,7,93.46,-654.22,Home Office,Cash
T0034,15-Mar-2024,P009,S01,2,90.74,181.48,CORP,Credit Card
T0035,2024-02-19,P007,S05,,98.89,,CORP,cash
T0036,03/26/2024,P014,S02,6,353.07,2118.42,CORP,Debit Card
T0037,03/26/2024,P013,S05,3,94.68,284.04,Corporate,CC
T0038,03/13/2024,P018,S01,5,239.52,1197.6,Cons.,PayPal
T0039,2024-02-26,P017,S08,3,230.55,691.65,Consumer,Cash
T0040,03/27/2024,P007,S03,1,76.11,76.11,Cons.,PayPal
T0041,2024-03-21,P013,S08,7,,,Consumer,PayPal
T0042,01/29/2024,P017,S08,1,222.27,222.27,Cons.,cash
T0043,08-Mar-2024,P020,S06,8,41.21,329.68,CORP,PayPal
T0044,2024-01-21,P016,S08,5,49.91,249.55,Cons.,cash
T0045,01/31/2024,P003,S05,4,80.93,323.72,Corporate,PayPal
T0046,03/29/2024,P007,S02,7,88.53,619.71,Cons.,PayPal
T0047,15-Mar-2024,P001,S10,7,227.71,1593.97,Cons.,CC
T0048,2024-03-10,P008,S08,4,185.87,743.48,Cons.,cash
T0049,2024-01-22,P005,S10,1,245.6,245.6,Cons.,Cash
T0050,02/29/2024,P009,S07,6,78.1,468.6,Cons.,Debit Card
T0051,2024-01-11,P018,S01,6,233.4,1400.4,Consumer,Cash
T0052,2024-01-26,P020,S03,4,33.99,135.96,Home Office,Debit Card
T0053,2024-01-22,P004,S03,,206.72,,Cons.,PayPal
T0054,01/26/2024,P008,S02,5,229.86,1149.3,Consumer,Debit Card
T0055,03/09/2024,P012,S02,6,204.0,1224.0,Home Office,cash
T0056,2024-02-28,P014,S03,5,352.16,1760.8,CORP,Debit Card
T0057,2024-02-11,P003,S05,8,80.01,640.08,Consumer,PayPal
T0058,02/11/2024,P007,S06,5,86.22,431.1,Consumer,CC
T0059,01/25/2024,P014,S08,4,361.61,1446.44,Consumer,Debit Card
T0060,01/29/2024,P008,S05,6,201.13,1206.78,Home Office,Debit Card
T0061,2024-03-30,P010,S05,4,246.48,985.92,Corporate,Cash
T0062,2024-01-28,P009,S10,5,103.35,516.75,Home Office,Credit Card
T0063,03/09/2024,P002,S01,5,283.91,1419.55,Consumer,CC
T0064,2024-02-06,P015,S06,3,55.76,167.28,Consumer,PayPal
T0065,03/03/2024,P002,S03,3,295.18,885.54,CORP,PayPal
T0066,2024-03-18,P020,S04,7,38.8,271.6,Home Office,CC
T0067,03/20/2024,P004,S04,4,220.95,883.8,Corporate,Credit Card
T0068,2024-02-22,P020,S08,5,32.61,163.05,Consumer,cash
T0069,30-Jan-2024,P019,S04,7,293.35,2053.45,Corporate,Credit Card
T0070,01/08/2024,P010,S10,5,280.8,1404.0,Home Office,CC
T0071,2024-03-10,P003,S10,1,101.44,-101.44,Corporate,cash
T0072,2024-03-14,P001,S05,1,252.36,252.36,Home Office,Cash
T0073,03/15/2024,P016,S02,8,43.0,344.0,Home Office,PayPal
T0074,2024-03-29,P013,S09,1,105.24,105.24,Cons.,CC
T0075,2024-01-01,P018,S08,7,216.8,1517.6,Cons.,Credit Card
T0076,01/27/2024,P005,S05,8,,,CORP,Cash
T0077,01/21/2024,P001,S09,7,194.66,1362.62,Consumer,cash
T0078,2024-01-20,P010,S09,5,278.25,1391.25,Corporate,PayPal
T0079,25-Jan-2024,P017,S03,2,199.33,398.66,CORP,Debit Card
T0080,01/01/2024,P010,S10,8,326.72,2613.76,CORP,PayPal
T0081,28-Feb-2024,P007,S04,7,82.55,577.85,Cons.,PayPal
T0082,2024-03-25,P005,S08,1,183.22,183.22,Cons.,Credit Card
T0083,08-Mar-2024,P001,S03,7,261.65,1831.55,Home Office,Debit Card
T0084,2024-03-20,P003,S06,7,103.59,725.13,CORP,Credit Card
T0085,03/20/2024,P010,S04,2,280.24,560.48,Cons.,Cash
T0086,03/29/2024,P001,S01,6,255.2,1531.2,CORP,PayPal
T0087,2024-03-13,P006,S03,3,19.29,57.87,CORP,Cash
T0088,2024-01-30,P009,S08,5,93.05,465.25,CORP,Cash
T0089,01/10/2024,P012,S10,5,262.62,1313.1,Corporate,PayPal
T0090,03/02/2024,P013,S10,6,110.06,660.36,Cons.,Debit Card
T0091,2024-01-02,P002,S10,8,297.33,2378.64,Home Office,Cash
T0092,03/22/2024,P009,S03,2,100.81,201.62,CORP,Debit Card
T0093,01/17/2024,P010,S06,7,252.41,1766.87,CORP,CC
T0094,2024-02-04,P009,S08,5,95.66,478.3,Corporate,Cash
T0095,2024-03-27,P013,S09,6,90.61,543.66,Home Office,cash
T0096,03/27/2024,P013,S06,2,114.07,228.14,Home Office,CC
T0097,2024-01-29,P015,S05,7,40.65,284.55,Consumer,Credit Card
T0098,2024-01-31,P005,S07,8,202.78,1622.24,CORP,cash
T0099,2024-01-20,P004,S08,7,282.24,1975.68,Cons.,Cash
T0100,02/16/2024,P012,S09,6,208.48,1250.88,Cons.,Credit Card
T0101,03/25/2024,P020,S01,1,43.79,43.79,Consumer,CC
T0102,2024-01-27,P008,S06,3,225.16,675.48,Corporate,CC
T0103,2024-02-02,P004,S01,3,198.25,594.75,Corporate,Debit Card
T0104,01/07/2024,P014,S09,2,368.58,737.16,Consumer,PayPal
T0105,03/05/2024,P020,S01,5,38.91,194.55,Cons.,PayPal
T0106,03/28/2024,P015,S02,2,44.31,88.62,CORP,CC
T0107,02/11/2024,P020,S09,5,38.85,194.25,CORP,cash
T0108,01/28/2024,P008,S07,6,228.11,1368.66,Home Office,cash
T0109,02/02/2024,P005,S08,2,180.42,360.84,Home Office,Cash
T0110,03/12/2024,P018,S09,6,276.92,1661.52,Cons.,cash
T0111,07-Jan-2024,P020,S05,6,33.66,201.96,Consumer,Debit Card
T0112,03/12/2024,P009,S10,4,97.66,390.64,CORP,cash
T0113,2024-03-23,P020,S05,1,34.8,34.8,Consumer,Cash
T0114,2024-01-19,P013,S02,3,116.73,350.19,Cons.,PayPal
T0115,02/28/2024,P012,S05,6,275.53,1653.18,Corporate,CC
T0116,2024-01-07,P009,S08,7,87.1,609.7,Consumer,Debit Card
T0117,02/25/2024,P019,S08,5,284.43,-1422.15,Home Office,Cash
T0118,2024-01-18,P010,S06,2,234.31,468.62,Corporate,CC
T0119,2024-03-12,P012,S02,7,,,Consumer,Debit Card
T0120,03/14/2024,P013,S07,,91.61,,CORP,PayPal
T0121,29-Mar-2024,P003,S07,2,79.99,159.98,Home Office,cash
T0122,02/13/2024,P006,S02,2,23.17,46.34,Corporate,Cash
T0123,01/14/2024,P007,S03,3,100.66,301.98,Cons.,PayPal
T0124,2024-03-13,P015,S10,6,53.96,323.76,Cons.,cash
T0125,2024-02-08,P019,S01,6,343.82,2062.92,Home Office,Credit Card
T0126,2024-03-23,P003,S10,7,87.27,610.89,Cons.,CC
T0127,03/24/2024,P020,S08,3,46.32,138.96,Consumer,CC
T0128,03/23/2024,P008,S08,8,205.0,1640.0,Cons.,PayPal
T0129,2024-02-13,P002,S06,2,247.45,494.9,CORP,Cash
T0130,02/12/2024,P005,S06,5,250.46,1252.3,Consumer,Debit Card
T0131,03/12/2024,P011,S03,2,284.99,569.98,Corporate,Cash
T0132,13-Feb-2024,P016,S04,4,54.15,216.6,CORP,CC
T0133,03/08/2024,P011,S10,3,280.05,840.15,CORP,Cash
T0134,02/26/2024,P012,S04,8,259.97,2079.76,Corporate,Debit Card
T0135,01-Mar-2024,P007,S06,8,90.39,723.12,Corporate,Cash
T0136,03/18/2024,P009,S01,8,99.85,798.8,Consumer,Debit Card
T0137,2024-01-11,P009,S08,3,98.44,295.32,Home Office,Credit Card
T0138,02/23/2024,P017,S06,4,208.3,833.2,Consumer,cash
T0139,03/24/2024,P005,S03,1,196.06,196.06,Cons.,PayPal
T0140,03/19/2024,P003,S01,5,79.07,395.35,Cons.,Credit Card
T0141,02/06/2024,P004,S01,4,235.05,940.2,Cons.,CC
T0142,03/09/2024,P017,S10,4,,,Home Office,Cash
T0143,03/14/2024,P003,S09,6,74.16,444.96,CORP,Credit Card
T0144,2024-02-19,P002,S07,,239.92,,Home Office,Cash
T0145,2024-03-25,P019,S06,3,284.29,852.87,Cons.,cash
T0146,2024-03-02,P005,S02,8,176.09,1408.72,Home Office,Debit Card
T0147,03/06/2024,P018,S08,5,215.08,1075.4,Consumer,cash
T0148,02/12/2024,P012,S07,7,272.39,1906.73,Cons.,cash
T0149,03/04/2024,P017,S05,2,236.11,472.22,CORP,Debit Card
T0150,02/11/2024,P011,S05,5,264.71,1323.55,Cons.,Credit Card
T0151,2024-02-15,P014,S05,1,283.71,283.71,Corporate,Credit Card
T0152,2024-01-19,P015,S01,3,39.77,119.31,CORP,Credit Card
T0153,03/18/2024,P015,S06,6,46.47,278.82,Home Office,cash
T0154,02/05/2024,P004,S01,3,242.25,726.75,Home Office,cash
T0155,02/27/2024,P020,S05,8,35.09,280.72,Cons.,Credit Card
T0156,28-Mar-2024,P011,S06,2,275.26,550.52,Corporate,Debit Card
T0157,03/06/2024,P007,S03,,101.7,,Home Office,PayPal
T0158,03/11/2024,P003,S02,5,85.13,425.65,Cons.,CC
T0159,01/10/2024,P011,S02,8,266.73,2133.84,CORP,cash
T0160,03/16/2024,P005,S07,1,239.57,239.57,Corporate,Debit Card
T0161,2024-03-07,P003,S05,4,92.99,371.96,CORP,Credit Card
T0162,2024-03-05,P019,S10,3,300.6,901.8,CORP,Credit Card
T0163,01/04/2024,P019,S05,4,377.21,1508.84,CORP,Debit Card
T0164,23-Mar-2024,P016,S04,7,42.14,294.98,Cons.,PayPal
T0165,01/27/2024,P005,S06,6,231.8,1390.8,Home Office,CC
T0166,03/12/2024,P008,S08,2,185.45,370.9,Cons.,CC
T0167,02/23/2024,P006,S06,6,20.25,121.5,Home Office,PayPal
T0168,01/03/2024,P013,S09,8,125.79,1006.32,Cons.,CC
T0169,2024-03-24,P010,S09,1,324.77,324.77,Cons.,Debit Card
T0170,01/06/2024,P019,S09,4,325.2,1300.8,CORP,Debit Card
T0171,2024-03-20,P004,S03,2,232.69,465.38,Corporate,Cash
T0172,2024-03-18,P017,S01,1,179.96,179.96,Corporate,CC
T0173,03/06/2024,P020,S06,3,37.95,113.85,CORP,CC
T0174,2024-03-09,P019,S05,8,383.48,3067.84,CORP,Debit Card
T0175,2024-03-29,P020,S08,5,46.46,232.3,Consumer,CC
T0176,03/02/2024,P020,S07,3,44.3,132.9,Corporate,Credit Card
T0177,02/26/2024,P005,S07,4,205.93,823.72,Consumer,cash
T0178,2024-01-18,P018,S06,8,262.81,2102.48,Home Office,CC
T0179,2024-02-15,P009,S10,8,77.46,619.68,Home Office,Debit Card
T0180,2024-01-27,P016,S06,8,43.01,344.08,Consumer,CC
T0181,2024-03-27,P013,S06,3,98.64,295.92,Cons.,cash
T0182,2024-02-02,P007,S04,5,106.6,533.0,CORP,Cash
T0183,02/01/2024,P017,S04,4,181.07,724.28,Corporate,Credit Card
T0184,11-Mar-2024,P006,S07,8,22.72,181.76,Consumer,Credit Card
T0185,2024-03-24,P018,S01,3,252.3,-756.9,Cons.,PayPal
T0186,24-Jan-2024,P010,S01,1,265.63,265.63,Cons.,cash
